timestamp_ms,altitude-ft,airspeed-kt,alpha-deg,pitch-deg,roll-deg,heading-deg,nlf,q_rad_sec,p_rad_sec,r_rad_sec,side-slip-deg,vertical-speed-fps,throttle,flap-pos-norm,elevator-pos-norm,left-aileron-pos-norm,rudder-pos-norm
0.0,10000.0,120.0,5.0,10.0,0.0,180.0,1.0,0.05,0.0,0.01,0.0,-10.0,0.8,0.0,0.2,0.0,0.0
100.67114093959731,9989.93288590604,119.79865771812081,5.120805369127517,10.050335570469798,0.5025059107154699,180.1006711409396,1.0100501182143093,0.049746846945003476,0.0020100236428618797,0.009949369389000696,0.0,-10.201342281879194,0.8,0.0,0.2,0.0,0.0
201.34228187919462,9979.865771812081,119.59731543624162,5.241610738255034,10.100671140939598,0.9999233851728827,180.2013422818792,1.0199984677034577,0.048989951238784066,0.003999693540691531,0.009797990247756813,0.0,-10.40268456375839,0.8,0.0,0.2,0.0,0.0
302.013422818792,9969.79865771812,119.39597315436242,5.3624161073825505,10.151006711409396,1.4872155132415363,180.3020134228188,1.0297443102648307,0.0477369772997555,0.005948862052966145,0.0095473954599511,0.0,-10.604026845637584,0.8,0.0,0.2,0.0,0.0
402.68456375838923,9959.73154362416,119.19463087248322,5.483221476510067,10.201342281879194,1.9594479152855768,180.40268456375838,1.0391889583057115,0.04600061289513761,0.007837791661142308,0.009200122579027522,0.0,-10.805369127516778,0.8,0.0,0.2,0.0,0.0
503.35570469798654,9949.664429530201,118.99328859060402,5.604026845637584,10.251677852348994,2.4118387082951727,180.50335570469798,1.0482367741659036,0.04379844066307507,0.00964735483318069,0.008759688132615014,0.0,-11.006711409395972,0.8,0.0,0.2,0.0,0.0
604.026845637584,9939.597315436242,118.79194630872483,5.724832214765101,10.302013422818792,2.839806927818217,180.60402684563758,1.0567961385563645,0.04115276006869486,0.011359227711272868,0.00823055201373897,0.0,-11.208053691275168,0.8,0.0,0.2,0.0,0.0
704.6979865771812,9929.530201342282,118.59060402684564,5.845637583892618,10.35234899328859,3.2390189153661626,180.70469798657717,1.0647803783073233,0.03809036159699749,0.01295607566146465,0.007618072319399497,0.0,-11.409395973154362,0.8,0.0,0.2,0.0,0.0
805.3691275167785,9919.463087248321,118.38926174496645,5.966442953020135,10.40268456375839,3.6054322015694487,180.80536912751677,1.072108644031389,0.03464225546913203,0.014421728806277795,0.006928451093826405,0.0,-11.610738255033556,0.8,0.0,0.2,0.0,0.0
906.0402684563758,9909.395973154362,118.18791946308725,6.0872483221476505,10.453020134228188,3.9353364407163283,180.90604026845637,1.0787067288143266,0.030843357629107337,0.015741345762865313,0.006168671525821468,0.0,-11.812080536912752,0.8,0.0,0.2,0.0,0.0
1006.7114093959731,9899.328859060402,117.98657718120805,6.208053691275167,10.503355704697986,4.225390982166949,181.00671140939596,1.0845078196433389,0.026732136180676293,0.016901563928667797,0.005346427236135258,0.0,-12.013422818791947,0.8,0.0,0.2,0.0,0.0
1107.3825503355704,9889.261744966443,117.78523489932886,6.328859060402684,10.553691275167786,4.4726586981899565,181.10738255033556,1.0894531739637991,0.022350221854616395,0.017890634792759826,0.004470044370923279,0.0,-12.21476510067114,0.8,0.0,0.2,0.0,0.0
1208.053691275168,9879.194630872484,117.58389261744966,6.449664429530201,10.604026845637584,4.674635725676822,181.20805369127515,1.0934927145135365,0.017741986450862637,0.018698542902707286,0.003548397290172527,0.0,-12.416107382550337,0.8,0.0,0.2,0.0,0.0
1308.724832214765,9869.127516778524,117.38255033557047,6.570469798657718,10.654362416107382,4.8292768205656476,181.30872483221478,1.0965855364113128,0.012954093524239174,0.01931710728226259,0.002590818704847835,0.0,-12.61744966442953,0.8,0.0,0.2,0.0,0.0
1409.3959731543623,9859.060402684563,117.18120805369128,6.691275167785235,10.70469798657718,4.935016068232469,181.40939597315437,1.0987003213646493,0.00803502586360084,0.019740064272929875,0.001607005172720168,0.0,-12.818791946308725,0.8,0.0,0.2,0.0,0.0
1510.0671140939596,9848.993288590604,116.97986577181209,6.8120805369127515,10.75503355704698,4.990782740134091,181.51006711409397,1.0998156548026818,0.0030345945491886384,0.019963130960536365,0.0006069189098377276,0.0,-13.020134228187919,0.8,0.0,0.2,0.0,0.0
1610.738255033557,9838.926174496644,116.77852348993288,6.932885906040268,10.805369127516778,4.996012136136158,181.61073825503357,1.0999202427227233,-0.001996565440455679,0.019984048544544632,-0.0003993130880911357,0.0,-13.221476510067113,0.8,0.0,0.2,0.0,0.0
1711.4093959731542,9828.859060402685,116.57718120805369,7.053691275167785,10.855704697986576,4.950651302735722,181.71140939597316,1.0990130260547144,-0.007007507964469923,0.01980260521094289,-0.0014015015928939844,0.0,-13.422818791946309,0.8,0.0,0.2,0.0,0.0
1812.0805369127515,9818.791946308726,116.3758389261745,7.174496644295301,10.906040268456376,4.855159569274884,181.81208053691276,1.0971031913854976,-0.011947491606519443,0.019420638277099535,-0.0023894983213038888,0.0,-13.624161073825503,0.8,0.0,0.2,0.0,0.0
1912.7516778523488,9808.724832214764,116.1744966442953,7.295302013422818,10.956375838926174,4.710503896715743,181.91275167785236,1.094210077934315,-0.01676649348857954,0.01884201558686297,-0.0033532986977159074,0.0,-13.825503355704697,0.8,0.0,0.2,0.0,0.0
2013.4228187919462,9798.657718120805,115.97315436241611,7.416107382550335,11.006711409395972,4.518149086075537,182.01342281879195,1.0903629817215108,-0.0214157158087111,0.01807259634430215,-0.00428314316174222,0.0,-14.026845637583893,0.8,0.0,0.2,0.0,0.0
2114.0939597315437,9788.590604026846,115.77181208053692,7.536912751677852,11.057046979865772,4.28004294567254,182.11409395973155,1.085600858913451,-0.025848079973566168,0.017120171782690163,-0.0051696159947132335,0.0,-14.228187919463087,0.8,0.0,0.2,0.0,0.0
2214.7651006711408,9778.523489932886,115.57046979865771,7.657718120805368,11.10738255033557,3.9985965673810107,182.21476510067114,1.0799719313476202,-0.03001870332197711,0.015994386269524045,-0.006003740664395422,0.0,-14.429530201342281,0.8,0.0,0.2,0.0,0.0
2315.4362416107383,9768.456375838927,115.36912751677852,7.778523489932885,11.157718120805368,3.676659911620236,182.31543624161074,1.0735331982324048,-0.033885353612268354,0.014706639646480944,-0.006777070722453671,0.0,-14.630872483221477,0.8,0.0,0.2,0.0,0.0
2416.107382550336,9758.389261744966,115.16778523489933,7.899328859060402,11.208053691275168,3.3174929483070636,182.41610738255034,1.0663498589661413,-0.03740887667109626,0.013269971793228254,-0.0074817753342192525,0.0,-14.832214765100671,0.8,0.0,0.2,0.0,0.0
2516.778523489933,9748.322147651006,114.96644295302013,8.020134228187919,11.258389261744966,2.924732646002159,182.51677852348993,1.0584946529200432,-0.04055359287339312,0.011698930584008636,-0.008110718574678624,0.0,-15.033557046979865,0.8,0.0,0.2,0.0,0.0
2617.44966442953,9738.255033557047,114.76510067114094,8.140939597315436,11.308724832214764,2.5023561435219124,182.61744966442953,1.0500471228704382,-0.04328765843861059,0.010009424574087648,-0.008657531687722118,0.0,-15.234899328859061,0.8,0.0,0.2,0.0,0.0
2718.120805369127,9728.187919463087,114.56375838926175,8.261744966442953,11.359060402684564,2.054640476944791,182.71812080536913,1.0410928095388958,-0.04558338788473284,0.008218561907779164,-0.009116677576946567,0.0,-15.436241610738254,0.8,0.0,0.2,0.0,0.0
2818.7919463087246,9718.120805369128,114.36241610738256,8.38255033557047,11.409395973154362,1.5861192698213444,182.81879194630872,1.0317223853964268,-0.04741753437485063,0.006344477079285378,-0.009483506874970125,0.0,-15.63758389261745,0.8,0.0,0.2,0.0,0.0
2919.4630872483217,9708.053691275169,114.16107382550335,8.503355704697986,11.45973154362416,1.1015368251481348,182.91946308724832,1.0220307365029626,-0.04877152511747256,0.004406147300592539,-0.009754305023494511,0.0,-15.838926174496644,0.8,0.0,0.2,0.0,0.0
3020.1342281879192,9697.986577181207,113.95973154362416,8.624161073825503,11.51006711409396,0.605800083975826,183.0201342281879,1.0121160016795165,-0.04963164943688139,0.002423200335903304,-0.009926329887376278,0.0,-16.040268456375838,0.8,0.0,0.2,0.0,0.0
3120.8053691275163,9687.919463087248,113.75838926174497,8.74496644295302,11.560402684563758,0.10392893712449414,183.1208053691275,1.00207857874249,-0.04998919760911169,0.0004157157484979766,-0.009997839521822337,0.0,-16.241610738255034,0.8,0.0,0.2,0.0,0.0
3221.476510067114,9677.852348993289,113.55704697986577,8.865771812080537,11.610738255033556,-0.39899460684426413,183.2214765100671,0.9920201078631147,-0.04984054905767912,-0.0015959784273770568,-0.009968109811535826,0.0,-16.442953020134226,0.8,0.0,0.2,0.0,0.0
3322.1476510067114,9667.78523489933,113.35570469798658,8.986577181208053,11.661073825503356,-0.897877882667032,183.3221476510067,0.9820424423466594,-0.04918720901598034,-0.003591511530668128,-0.009837441803196066,0.0,-16.644295302013422,0.8,0.0,0.2,0.0,0.0
3422.8187919463085,9657.71812080537,113.15436241610739,9.10738255033557,11.711409395973154,-1.3876691373293588,183.4228187919463,0.9722466172534128,-0.048035793285115626,-0.005550676549317435,-0.009607158657023124,0.0,-16.845637583892618,0.8,0.0,0.2,0.0,0.0
3523.489932885906,9647.651006711409,112.95302013422818,9.228187919463087,11.761744966442953,-1.863408684734115,183.5234899328859,0.9627318263053177,-0.046397961241478575,-0.00745363473893646,-0.009279592248295714,0.0,-17.04697986577181,0.8,0.0,0.2,0.0,0.0
3624.161073825503,9637.58389261745,112.75167785234899,9.348993288590602,11.812080536912752,-2.3202791280889694,183.6241610738255,0.9535944174382206,-0.0442902977724859,-0.009281116512355877,-0.00885805955449718,0.0,-17.248322147651006,0.8,0.0,0.2,0.0,0.0
3724.8322147651006,9627.51677852349,112.5503355704698,9.46979865771812,11.86241610738255,-2.7536541414550095,183.7248322147651,0.9449269171708998,-0.0417341453359808,-0.01101461656582004,-0.008346829067196158,0.0,-17.449664429530202,0.8,0.0,0.2,0.0,0.0
3825.5033557046977,9617.44966442953,112.3489932885906,9.590604026845636,11.912751677852349,-3.1591453164885213,183.8255033557047,0.9368170936702296,-0.0387553878438968,-0.012636581265954086,-0.00775107756877936,0.0,-17.651006711409394,0.8,0.0,0.2,0.0,0.0
3926.1744966442952,9607.382550335571,112.14765100671141,9.711409395973153,11.963087248322147,-3.5326466000001537,183.9261744966443,0.9293470679999969,-0.03538418855860249,-0.014130586400000616,-0.0070768377117204975,0.0,-17.85234899328859,0.8,0.0,0.2,0.0,0.0
4026.8456375838923,9597.31543624161,111.94630872483222,9.83221476510067,12.013422818791947,-3.87037587235126,184.0268456375839,0.9225924825529748,-0.03165468465602086,-0.01548150348940504,-0.006330936931204172,0.0,-18.053691275167786,0.8,0.0,0.2,0.0,0.0
4127.51677852349,9587.24832214765,111.74496644295301,9.953020134228188,12.063758389261745,-4.168913245659546,184.1275167785235,0.9166217350868091,-0.027604641548414268,-0.016675652982638182,-0.005520928309682854,0.0,-18.25503355704698,0.8,0.0,0.2,0.0,0.0
4228.187919463087,9577.181208053691,111.54362416107382,10.073825503355703,12.114093959731544,-4.425235694001662,184.2281879194631,0.9114952861199668,-0.023275070467205103,-0.01770094277600665,-0.00465501409344102,0.0,-18.456375838926174,0.8,0.0,0.2,0.0,0.0
4328.859060402684,9567.114093959732,111.34228187919463,10.19463087248322,12.164429530201343,-4.6367476649431305,184.3288590604027,0.9072650467011374,-0.018709813178234648,-0.018546990659772524,-0.0037419626356469293,0.0,-18.65771812080537,0.8,0.0,0.2,0.0,0.0
4429.5302013422815,9557.046979865772,111.14093959731544,10.315436241610737,12.21476510067114,-4.801307362419465,184.4295302013423,0.9039738527516107,-0.013955098034684822,-0.019205229449677858,-0.0027910196069369643,0.0,-18.859060402684563,0.8,0.0,0.2,0.0,0.0
4530.201342281879,9546.979865771813,110.93959731543625,10.436241610738254,12.265100671140939,-4.917248434824849,184.53020134228188,0.901655031303503,-0.009059071863124692,-0.019668993739299395,-0.0018118143726249384,0.0,-19.06040268456376,0.8,0.0,0.2,0.0,0.0
4630.872483221477,9536.912751677852,110.73825503355705,10.55704697986577,12.315436241610739,-4.98339684869212,184.63087248322148,0.9003320630261575,-0.004071312422861283,-0.01993358739476848,-0.0008142624845722565,0.0,-19.261744966442954,0.8,0.0,0.2,0.0,0.0
4731.543624161073,9526.845637583892,110.53691275167785,10.677852348993287,12.365771812080537,-4.999082777099133,184.73154362416108,0.9000183444580173,0.0009576736245098318,-0.019996331108396534,0.00019153472490196635,0.0,-19.463087248322147,0.8,0.0,0.2,0.0,0.0
4832.214765100672,9516.778523489933,110.33557046979865,10.798657718120804,12.416107382550337,-4.96414738241802,184.83221476510067,0.9007170523516396,0.005976962151731619,-0.01985658952967208,0.0011953924303463239,0.0,-19.664429530201343,0.8,0.0,0.2,0.0,0.0
4932.885906040268,9506.711409395974,110.13422818791946,10.919463087248321,12.466442953020135,-4.878944424724422,184.93288590604027,0.9024211115055115,0.010935727229820986,-0.019515777698897688,0.002187145445964197,0.0,-19.86577181208054,0.8,0.0,0.2,0.0,0.0
5033.557046979866,9496.644295302014,109.93288590604027,11.040268456375838,12.516778523489933,-4.744336679579734,185.03355704697987,0.9051132664084053,0.01578375579763684,-0.018977346718318938,0.003156751159527367,0.0,-20.06711409395973,0.8,0.0,0.2,0.0,0.0
5134.2281879194625,9486.577181208053,109.73154362416108,11.161073825503355,12.56711409395973,-4.561687201460339,185.13422818791946,0.9087662559707932,0.020471956125473055,-0.01824674880584136,0.004094391225094611,0.0,-20.268456375838923,0.8,0.0,0.2,0.0,0.0
5234.89932885906,9476.510067114094,109.53020134228188,11.281879194630871,12.61744966442953,-4.332845521301413,185.23489932885906,0.9133430895739717,0.02495285492391258,-0.017331382085205654,0.004990570984782516,0.0,-20.469798657718123,0.8,0.0,0.2,0.0,0.0
5335.5704697986575,9466.442953020134,109.32885906040269,11.402684563758388,12.667785234899329,-4.060128917920672,185.33557046979865,0.9187974216415866,0.029181078064157123,-0.016240515671682686,0.005836215612831425,0.0,-20.671140939597315,0.8,0.0,0.2,0.0,0.0
5436.241610738254,9456.375838926175,109.12751677852349,11.523489932885905,12.718120805369127,-3.7462989529698754,185.43624161073825,0.9250740209406025,0.03311381004200033,-0.014985195811879501,0.006622762008400065,0.0,-20.872483221476507,0.8,0.0,0.2,0.0,0.0
5536.912751677852,9446.308724832215,108.9261744966443,11.644295302013422,12.768456375838927,-3.394533507024095,185.53691275167785,0.9321093298595181,0.03671122753285526,-0.01357813402809638,0.0073422455065710514,0.0,-21.073825503355703,0.8,0.0,0.2,0.0,0.0
5637.583892617449,9436.241610738256,108.7248322147651,11.765100671140939,12.818791946308725,-3.0083945999746624,185.63758389261744,0.9398321080005068,0.039936902647605625,-0.01203357839989865,0.007987380529521124,0.0,-21.2751677852349,0.8,0.0,0.2,0.0,0.0
5738.255033557047,9426.174496644295,108.52348993288591,11.885906040268456,12.869127516778523,-2.591792321580489,185.73825503355704,0.9481641535683902,0.042758171805862354,-0.010367169286321956,0.00855163436117247,0.0,-21.47651006711409,0.8,0.0,0.2,0.0,0.0
5838.926174496643,9416.107382550335,108.32214765100672,12.006711409395972,12.919463087248321,-2.148945237421329,185.83892617449663,0.9570210952515734,0.045146466491370274,-0.008595780949685317,0.009029293298274054,0.0,-21.677852348993287,0.8,0.0,0.2,0.0,0.0
5939.597315436242,9406.040268456376,108.12080536912751,12.12751677852349,12.96979865771812,-1.6843376711872282,185.93959731543623,0.9663132465762554,0.047077602540294666,-0.006737350684748913,0.009415520508058932,0.0,-21.879194630872483,0.8,0.0,0.2,0.0,0.0
6040.2684563758385,9395.973154362417,107.91946308724832,12.248322147651006,13.020134228187919,-1.2026742958688599,186.04026845637583,0.9759465140826228,0.04853202503301953,-0.00481069718347544,0.009706405006603906,0.0,-22.080536912751676,0.8,0.0,0.2,0.0,0.0
6140.939597315436,9385.906040268457,107.71812080536913,12.369127516778523,13.070469798657719,-0.7088324936638919,186.14093959731542,0.9858233501267222,0.04949500630965333,-0.0028353299746555678,0.009899001261930666,0.0,-22.28187919463087,0.8,0.0,0.2,0.0,0.0
6241.610738255033,9375.838926174496,107.51677852348993,12.48993288590604,13.120805369127517,-0.2078129670088512,186.24161073825502,0.995843740659823,0.049956795104112696,-0.0008312518680354049,0.00999135902082254,0.0,-22.483221476510067,0.8,0.0,0.2,0.0,0.0
6342.281879194631,9365.771812080537,107.31543624161074,12.610738255033556,13.171140939597315,0.2953108991448412,186.34228187919464,1.0059062179828968,0.04991271528663439,0.001181243596579365,0.009982543057326878,0.0,-22.68456375838926,0.8,0.0,0.2,0.0,0.0
6442.953020134228,9355.704697986577,107.11409395973155,12.731543624161073,13.221476510067113,0.7954444110468377,186.44295302013424,1.0159088882209368,0.04936321321483677,0.003181777644187351,0.009872642642967354,0.0,-22.885906040268456,0.8,0.0,0.2,0.0,0.0
6543.624161073825,9345.637583892618,106.91275167785236,12.85234899328859,13.271812080536913,1.2875231556393776,186.54362416107384,1.0257504631127876,0.04831385321384791,0.005150092622557511,0.009662770642769582,0.0,-23.08724832214765,0.8,0.0,0.2,0.0,0.0
6644.295302013423,9335.570469798658,106.71140939597315,12.973154362416107,13.322147651006711,1.7665642834227666,186.64429530201343,1.0353312856684553,0.046775261231269474,0.007066257133691066,0.009355052246253895,0.0,-23.288590604026844,0.8,0.0,0.2,0.0,0.0
6744.966442953019,9325.503355704697,106.51006711409396,13.093959731543624,13.37248322147651,2.2277169653983027,186.74496644295303,1.0445543393079662,0.044763017237532794,0.008910867861593211,0.00895260344750656,0.0,-23.48993288590604,0.8,0.0,0.2,0.0,0.0
6845.637583892617,9315.436241610738,106.30872483221476,13.21476510067114,13.422818791946309,2.666311513155512,186.84563758389262,1.0533262302631103,0.042297497461214376,0.010665246052622049,0.008459499492242875,0.0,-23.691275167785236,0.8,0.0,0.2,0.0,0.0
6946.308724832214,9305.369127516778,106.10738255033557,13.335570469798656,13.473154362416107,3.077906664707613,186.94630872483222,1.0615581332941522,0.03940366805685539,0.012311626658830453,0.007880733611371078,0.0,-23.892617449664428,0.8,0.0,0.2,0.0,0.0
7046.979865771812,9295.302013422819,105.90604026845638,13.456375838926174,13.523489932885905,3.4583345572531208,187.04697986577182,1.0691666911450624,0.036110832294629906,0.013833338229012485,0.007222166458925981,0.0,-24.093959731543624,0.8,0.0,0.2,0.0,0.0
7147.651006711409,9285.23489932886,105.70469798657719,13.577181208053691,13.573825503355705,3.8037429314638787,187.1476510067114,1.0760748586292777,0.03245233383185033,0.015214971725855515,0.006490466766370067,0.0,-24.29530201342282,0.8,0.0,0.2,0.0,0.0
7248.322147651006,9275.167785234898,105.50335570469798,13.697986577181206,13.624161073825503,4.110634139933776,187.248322147651,1.0822126827986756,0.028465219071018774,0.016442536559735103,0.005693043814203754,0.0,-24.496644295302012,0.8,0.0,0.2,0.0,0.0
7348.993288590604,9265.100671140939,105.30201342281879,13.818791946308725,13.674496644295303,4.375900564783786,187.3489932885906,1.0875180112956757,0.02418986202342822,0.017503602259135144,0.004837972404685644,0.0,-24.697986577181208,0.8,0.0,0.2,0.0,0.0
7449.664429530201,9255.03355704698,105.1006711409396,13.939597315436242,13.724832214765101,4.5968560857803515,187.4496644295302,1.091937121715607,0.019669555476990695,0.018387424343121406,0.003933911095398139,0.0,-24.899328859060404,0.8,0.0,0.2,0.0,0.0
7550.335570469798,9244.96644295302,104.8993288590604,14.060402684563757,13.775167785234899,4.7712632803171315,187.5503355704698,1.0954252656063426,0.01495007260817622,0.019085053121268524,0.0029900145216352437,0.0,-25.100671140939596,0.8,0.0,0.2,0.0,0.0
7651.006711409395,9234.899328859061,104.69798657718121,14.181208053691273,13.825503355704697,4.89735607982971,187.6510067114094,1.0979471215965941,0.010079203477234554,0.019589424319318843,0.0020158406954469106,0.0,-25.30201342281879,0.8,0.0,0.2,0.0,0.0
7751.677852348993,9224.832214765102,104.49664429530202,14.302013422818792,13.875838926174497,4.973857653221703,187.751677852349,1.099477153064434,0.005106271100205107,0.019895430612886813,0.0010212542200410215,0.0,-25.503355704697988,0.8,0.0,0.2,0.0,0.0
7852.3489932885905,9214.76510067114,104.29530201342283,14.422818791946307,13.926174496644295,4.999993336212457,187.8523489932886,1.0999998667242492,8.16319980294085e-05,0.01999997334484983,1.63263996058817e-05,0.0,-25.70469798657718,0.8,0.0,0.2,0.0,0.0
7953.020134228187,9204.697986577181,104.09395973154362,14.543624161073824,13.976510067114093,4.975498475682234,187.95302013422818,1.0995099695136448,-0.004943833719733755,0.019901993902728937,-0.000988766743946751,0.0,-25.906040268456373,0.8,0.0,0.2,0.0,0.0
8053.691275167785,9194.630872483222,103.89261744966443,14.66442953020134,14.026845637583893,4.900621109582032,188.05369127516778,1.0980124221916405,-0.009919237573115101,0.019602484438328124,-0.0019838475146230204,0.0,-26.10738255033557,0.8,0.0,0.2,0.0,0.0
8154.362416107382,9184.563758389262,103.69127516778524,14.785234899328858,14.077181208053691,4.7761194552709805,188.15436241610738,1.0955223891054195,-0.014794198014701674,0.019104477821083925,-0.002958839602940335,0.0,-26.308724832214764,0.8,0.0,0.2,0.0,0.0
8255.03355704698,9174.496644295303,103.48993288590604,14.906040268456376,14.12751677852349,4.603254231714723,188.25503355704697,1.0920650846342945,-0.019519350599342438,0.01841301692685889,-0.0039038701198684874,0.0,-26.51006711409396,0.8,0.0,0.2,0.0,0.0
8355.704697986577,9164.429530201342,103.28859060402685,15.026845637583891,14.177852348993287,4.383775893291098,188.35570469798657,1.087675517865822,-0.024046847854552245,0.01753510357316439,-0.004809369570910449,0.0,-26.711409395973153,0.8,0.0,0.2,0.0,0.0
8456.375838926175,9154.362416107382,103.08724832214764,15.147651006711408,14.228187919463087,4.119906904475198,188.45637583892616,1.082398138089504,-0.028330843789865473,0.016479627617900793,-0.005666168757973095,0.0,-26.91275167785235,0.8,0.0,0.2,0.0,0.0
8557.04697986577,9144.295302013423,102.88590604026845,15.268456375838925,14.278523489932885,3.8143192348925368,188.55704697986576,1.0762863846978508,-0.03232795813893728,0.015257276939570148,-0.006465591627787456,0.0,-27.11409395973154,0.8,0.0,0.2,0.0,0.0
8657.718120805368,9134.228187919463,102.68456375838926,15.389261744966442,14.328859060402685,3.470107302628068,188.65771812080536,1.0694021460525613,-0.035997715633422286,0.013880429210512274,-0.007199543126684457,0.0,-27.315436241610737,0.8,0.0,0.2,0.0,0.0
8758.389261744966,9124.161073825504,102.48322147651007,15.510067114093959,14.379194630872483,3.0907566397705577,188.75838926174498,1.061815132795411,-0.039302955860487404,0.012363026559082231,-0.00786059117209748,0.0,-27.516778523489933,0.8,0.0,0.2,0.0,0.0
8859.060402684563,9114.093959731545,102.28187919463087,15.630872483221475,14.429530201342281,2.6801085974887053,188.85906040268458,1.0536021719497741,-0.04221020955369344,0.010720434389954821,-0.008442041910738687,0.0,-27.718120805369125,0.8,0.0,0.2,0.0,0.0
8959.73154362416,9104.026845637583,102.08053691275168,15.751677852348992,14.47986577181208,2.2423214480397773,188.95973154362417,1.0448464289607955,-0.04469003750687708,0.008969285792159108,-0.008938007501375415,0.0,-27.91946308724832,0.8,0.0,0.2,0.0,0.0
9060.402684563758,9093.959731543624,101.87919463087249,15.872483221476509,14.53020134228188,1.7818282775966285,189.06040268456377,1.0356365655519326,-0.046717328679149704,0.007127313110386514,-0.00934346573582994,0.0,-28.120805369127517,0.8,0.0,0.2,0.0,0.0
9161.073825503354,9083.892617449665,101.6778523489933,15.993288590604026,14.580536912751677,1.3032920962753771,189.16107382550337,1.0260658419255075,-0.04827155447236616,0.005213168385101509,-0.009654310894473231,0.0,-28.32214765100671,0.8,0.0,0.2,0.0,0.0
9261.744966442953,9073.825503355705,101.47651006711409,16.11409395973154,14.630872483221477,0.8115586199251199,189.26174496644296,1.0162311723985025,-0.04933697660621822,0.0032462344797004796,-0.009867395321243642,0.0,-28.523489932885905,0.8,0.0,0.2,0.0,0.0
9362.41610738255,9063.758389261744,101.2751677852349,16.234899328859058,14.681208053691275,0.31160720181715,189.36241610738256,1.006232144036343,-0.049902806485984025,0.0012464288072686002,-0.009980561297196804,0.0,-28.7248322147651,0.8,0.0,0.2,0.0,0.0
9463.087248322146,9053.691275167785,101.0738255033557,16.355704697986575,14.731543624161073,-0.19149958889476806,189.46308724832215,0.9961700082221047,-0.04996331444915673,-0.0007659983555790723,-0.009992662889831345,0.0,-28.926174496644293,0.8,0.0,0.2,0.0,0.0
9563.758389261744,9043.624161073825,100.87248322147651,16.47651006711409,14.781879194630871,-0.6926672313683235,189.56375838926175,0.9861466553726336,-0.0495178877847072,-0.0027706689254732944,-0.00990357755694144,0.0,-29.12751677852349,0.8,0.0,0.2,0.0,0.0
9664.429530201343,9033.557046979866,100.67114093959731,16.597315436241608,14.832214765100671,-1.1868208408132037,189.66442953020135,0.976263583183736,-0.04857103693747071,-0.004747283363252815,-0.009714207387494142,0.0,-29.328859060402685,0.8,0.0,0.2,0.0,0.0
9765.100671140939,9023.489932885906,100.46979865771812,16.718120805369125,14.88255033557047,-1.6689565573946594,189.76510067114094,0.9666208688521069,-0.04713234983483146,-0.0066758262295786375,-0.009426469966966292,0.0,-29.530201342281877,0.8,0.0,0.2,0.0,0.0
9865.771812080537,9013.422818791947,100.26845637583892,16.838926174496642,14.93288590604027,-2.1341922159296853,189.86577181208054,0.9573161556814063,-0.04521639479819808,-0.008536768863718742,-0.009043278959639614,0.0,-29.731543624161073,0.8,0.0,0.2,0.0,0.0
9966.442953020132,9003.355704697988,100.06711409395973,16.95973154362416,14.983221476510067,-2.5778167832882075,189.96644295302013,0.9484436643342359,-0.04284257302240102,-0.010311267133152831,-0.008568514604480205,0.0,-29.932885906040266,0.8,0.0,0.2,0.0,0.0
10067.114093959732,8993.288590604026,99.86577181208054,17.080536912751676,15.033557046979865,-2.995338062890309,190.06711409395973,0.9400932387421939,-0.04003492211682263,-0.011981352251561234,-0.008006984423364526,0.0,-30.13422818791946,0.8,0.0,0.2,0.0,0.0
10167.78523489933,8983.221476510067,99.66442953020135,17.201342281879192,15.083892617449663,-3.3825281832376874,190.16778523489933,0.9323494363352463,-0.03682187269762736,-0.01353011273295075,-0.007364374539525471,0.0,-30.335570469798657,0.8,0.0,0.2,0.0,0.0
10268.456375838925,8973.154362416108,99.46308724832215,17.32214765100671,15.134228187919462,-3.7354664098571213,190.26845637583892,0.9252906718028576,-0.03323596049586826,-0.014941865639428484,-0.006647192099173652,0.0,-30.53691275167785,0.8,0.0,0.2,0.0,0.0
10369.127516778522,8963.087248322148,99.26174496644296,17.442953020134226,15.184563758389261,-4.0505788471368716,190.36912751677852,0.9189884230572626,-0.029313496896698172,-0.016202315388547488,-0.005862699379339634,0.0,-30.738255033557046,0.8,0.0,0.2,0.0,0.0
10469.79865771812,8953.020134228187,99.06040268456375,17.563758389261743,15.234899328859061,-4.324674628030341,190.46979865771812,0.9135065074393931,-0.025094201245846878,-0.017298698512121367,-0.005018840249169375,0.0,-30.93959731543624,0.8,0.0,0.2,0.0,0.0
10570.469798657718,8942.953020134228,98.85906040268456,17.68456375838926,15.28523489932886,-4.554978225165733,190.5704697986577,0.9089004354966853,-0.02062079864667231,-0.018219912900662934,-0.004124159729334461,0.0,-31.140939597315434,0.8,0.0,0.2,0.0,0.0
10671.140939597315,8932.885906040268,98.65771812080537,17.805369127516776,15.335570469798657,-4.739157556175396,190.6711409395973,0.9052168488764921,-0.015938587320542725,-0.018956630224701582,-0.003187717464108545,0.0,-31.34228187919463,0.8,0.0,0.2,0.0,0.0
10771.812080536913,8922.818791946309,98.45637583892618,17.926174496644293,15.385906040268456,-4.87534759864683,190.7718120805369,0.9024930480270634,-0.011094979911512173,-0.01950139039458732,-0.0022189959823024344,0.0,-31.543624161073826,0.8,0.0,0.2,0.0,0.0
10872.483221476508,8912.75167785235,98.25503355704699,18.04697986577181,15.436241610738254,-4.962169275567566,190.8724832214765,0.9007566144886486,-0.006139023380092732,-0.019848677102270267,-0.0012278046760185464,0.0,-31.744966442953018,0.8,0.0,0.2,0.0,0.0
10973.154362416108,8902.68456375839,98.05369127516778,18.167785234899327,15.486577181208053,-4.998743420027512,190.9731543624161,0.9000251315994497,-0.0011209023477385803,-0.019994973680110047,-0.00022418046954771607,0.0,-31.946308724832214,0.8,0.0,0.2,0.0,0.0
11073.825503355703,8892.617449664429,97.85234899328859,18.288590604026844,15.536912751677852,-4.984699677770506,191.0738255033557,0.9003060064445898,0.003908569078762795,-0.019938798711082027,0.0007817138157525589,0.0,-32.147651006711406,0.8,0.0,0.2,0.0,0.0
11174.496644295301,8882.55033557047,97.6510067114094,18.40939597315436,15.587248322147651,-4.920180257446789,191.1744966442953,0.9015963948510642,0.008898461857146107,-0.019680721029787157,0.0017796923714292216,0.0,-32.348993288590606,0.8,0.0,0.2,0.0,0.0
11275.167785234898,8872.48322147651,97.4496644295302,18.530201342281877,15.63758389261745,-4.805838490590823,191.27516778523488,0.9038832301881835,0.013798247723373156,-0.019223353962363292,0.0027596495446746312,0.0,-32.5503355704698,0.8,0.0,0.2,0.0,0.0
11375.838926174496,8862.41610738255,97.24832214765101,18.651006711409394,15.687919463087248,-4.64283221590634,191.37583892617448,0.9071433556818732,0.018558310847009287,-0.01857132886362536,0.0037116621694018577,0.0,-32.75167785234899,0.8,0.0,0.2,0.0,0.0
11476.510067114094,8852.348993288591,97.04697986577182,18.77181208053691,15.738255033557046,-4.432812054850135,191.4765100671141,0.9113437589029973,0.023130450247185685,-0.01773124821940054,0.004626090049437137,0.0,-32.95302013422818,0.8,0.0,0.2,0.0,0.0
11577.181208053691,8842.28187919463,96.84563758389262,18.892617449664428,15.788590604026846,-4.1779046972375005,191.5771812080537,0.91644190605525,0.02746836788162127,-0.016711618788950004,0.005493673576324254,0.0,-33.15436241610738,0.8,0.0,0.2,0.0,0.0
11677.852348993287,8832.21476510067,96.64429530201343,19.013422818791945,15.838926174496644,-3.880691366121271,191.6778523489933,0.9223861726775746,0.03152813746625675,-0.015522765464485085,0.006305627493251351,0.0,-33.355704697986575,0.8,0.0,0.2,0.0,0.0
11778.523489932884,8822.147651006711,96.44295302013423,19.13422818791946,15.889261744966444,-3.5441816800117465,191.7785234899329,0.929116366399765,0.03526864927817497,-0.014176726720046986,0.007053729855634994,0.0,-33.557046979865774,0.8,0.0,0.2,0.0,0.0
11879.194630872484,8812.080536912752,96.24161073825503,19.25503355704698,15.939597315436242,-3.1717831771119136,191.8791946308725,0.9365643364577617,0.038652026437678344,-0.012687132708447655,0.007730405287535668,0.0,-33.758389261744966,0.8,0.0,0.2,0.0,0.0
11979.86577181208,8802.013422818793,96.04026845637584,19.375838926174495,15.98993288590604,-2.7672668101691897,191.9798657718121,0.9446546637966162,0.04164400845420148,-0.01106906724067676,0.008328801690840295,0.0,-33.95973154362416,0.8,0.0,0.2,0.0,0.0
12080.536912751677,8791.946308724833,95.83892617449665,19.496644295302012,16.040268456375838,-2.3347287613470655,192.08053691275168,0.9533054247730587,0.04421429815222537,-0.009338915045388264,0.008842859630445074,0.0,-34.16107382550335,0.8,0.0,0.2,0.0,0.0
12181.208053691274,8781.879194630872,95.63758389261744,19.61744966442953,16.09060402684564,-1.8785489637840111,192.18120805369128,0.9624290207243198,0.04633686846417874,-0.007514195855136045,0.009267373692835748,0.0,-34.36241610738255,0.8,0.0,0.2,0.0,0.0
12281.879194630872,8771.812080536913,95.43624161073825,19.738255033557046,16.140939597315437,-1.4033467498552654,192.28187919463087,0.9719330650028947,0.04799022598370492,-0.005613386999421062,0.009598045196740982,0.0,-34.56375838926174,0.8,0.0,0.2,0.0,0.0
12382.55033557047,8761.744966442953,95.23489932885906,19.859060402684563,16.191275167785236,-0.9139340752486992,192.38255033557047,0.981721318495026,0.049157628610521184,-0.003655736300994797,0.009831525722104236,0.0,-34.76510067114094,0.8,0.0,0.2,0.0,0.0
12483.221476510065,8751.677852348994,95.03355704697987,19.97986577181208,16.241610738255034,-0.4152667925135564,192.48322147651007,0.9916946641497288,0.049827255082971915,-0.0016610671700542257,0.009965451016594382,0.0,-34.966442953020135,0.8,0.0,0.2,0.0,0.0
12583.892617449663,8741.610738255033,94.83221476510067,20.100671140939596,16.29194630872483,0.08760553250813166,192.58389261744966,1.0017521106501626,0.049992324681568834,0.00035042213003252666,0.009998464936313766,0.0,-35.16778523489933,0.8,0.0,0.2,0.0,0.0
12684.563758389262,8731.543624161073,94.63087248322148,20.221476510067113,16.34228187919463,0.5895907532022585,192.68456375838926,1.0117918150640453,0.04965116589138507,0.0023583630128090343,0.009930233178277013,0.0,-35.36912751677852,0.8,0.0,0.2,0.0,0.0
12785.234899328858,8721.476510067114,94.42953020134229,20.34228187919463,16.392617449664428,1.0856057058815425,192.78523489932886,1.0217121141176309,0.04880723332801957,0.004342422823526169,0.009761446665603914,0.0,-35.57046979865771,0.8,0.0,0.2,0.0,0.0
12885.906040268455,8711.409395973154,94.2281879194631,20.463087248322147,16.442953020134226,1.5706276825222123,192.88590604026845,1.0314125536504442,0.0474690727557374,0.0062825107300888495,0.00949381455114748,0.0,-35.77181208053691,0.8,0.0,0.2,0.0,0.0
12986.577181208053,8701.342281879195,94.02684563758389,20.583892617449663,16.493288590604028,2.0397452913191776,192.98657718120805,1.0407949058263835,0.04565023455201654,0.00815898116527671,0.009130046910403308,0.0,-35.97315436241611,0.8,0.0,0.2,0.0,0.0
13087.24832214765,8691.275167785236,93.8255033557047,20.70469798657718,16.543624161073826,2.4882081900396456,193.08724832214764,1.0497641638007928,0.04336913649476968,0.009952832760158584,0.008673827298953937,0.0,-36.1744966442953,0.8,0.0,0.2,0.0,0.0
13187.919463087248,8681.208053691274,93.6241610738255,20.825503355704697,16.593959731543624,2.9114751885690855,193.18791946308724,1.0582295037713818,0.04064887726167429,0.011645900754276342,0.008129775452334858,0.0,-36.375838926174495,0.8,0.0,0.2,0.0,0.0
13288.590604026846,8671.140939597315,93.42281879194631,20.946308724832214,16.644295302013422,3.3052602335572105,193.28859060402684,1.0661052046711441,0.03751700253014003,0.013221040934228843,0.0075034005060280054,0.0,-36.57718120805369,0.8,0.0,0.2,0.0,0.0
13389.261744966441,8661.073825503356,93.22147651006712,21.06711409395973,16.69463087248322,3.6655758095179882,193.38926174496643,1.0733115161903597,0.034005226046413144,0.014662303238071953,0.006801045209282628,0.0,-36.77852348993288,0.8,0.0,0.2,0.0,0.0
13489.932885906039,8651.006711409396,93.02013422818791,21.187919463087248,16.74496644295302,3.9887733168987385,193.48993288590603,1.0797754663379748,0.03014910848830631,0.015955093267594953,0.0060298216976612615,0.0,-36.97986577181208,0.8,0.0,0.2,0.0,0.0
13590.604026845636,8640.939597315437,92.81879194630872,21.30872483221476,16.79530201342282,4.271580018245022,193.59060402684563,1.0854316003649005,0.025987697373430096,0.01708632007298009,0.00519753947468602,0.0,-37.18120805369127,0.8,0.0,0.2,0.0,0.0
13691.275167785234,8630.872483221476,92.61744966442953,21.42953020134228,16.845637583892618,4.511132178340077,193.69127516778522,1.0902226435668014,0.021563131659257453,0.01804452871336031,0.00431262633185149,0.0,-37.38255033557047,0.8,0.0,0.2,0.0,0.0
13791.946308724831,8620.805369127516,92.41610738255034,21.550335570469798,16.895973154362416,4.705004062737535,193.79194630872485,1.0941000812547508,0.016920215038891472,0.01882001625095014,0.0033840430077782943,0.0,-37.58389261744966,0.8,0.0,0.2,0.0,0.0
13892.617449664427,8610.738255033557,92.21476510067114,21.67114093959731,16.946308724832214,4.851232501044867,193.89261744966444,1.0970246500208973,0.012105962253393833,0.01940493000417947,0.002421192450678767,0.0,-37.785234899328856,0.8,0.0,0.2,0.0,0.0
13993.288590604026,8600.671140939598,92.01342281879195,21.79194630872483,16.996644295302012,4.948336766226684,193.99328859060404,1.0989667353245336,0.007169123014771341,0.019793347064906736,0.001433824602954268,0.0,-37.98657718120805,0.8,0.0,0.2,0.0,0.0
14093.959731543624,8590.604026845638,91.81208053691276,21.91275167785235,17.04697986577181,4.995333568627625,194.09395973154363,1.0999066713725525,0.002159688360435436,0.019981334274510498,0.0004319376720870872,0.0,-38.18791946308725,0.8,0.0,0.2,0.0,0.0
14194.63087248322,8580.536912751679,91.61073825503357,22.033557046979862,17.097315436241608,4.9917470128835735,194.19463087248323,1.0998349402576715,-0.0028716155621517666,0.019966988051534292,-0.0005743231124303533,0.0,-38.38926174496644,0.8,0.0,0.2,0.0,0.0
14295.302013422817,8570.469798657718,91.40939597315436,22.154362416107382,17.14765100671141,4.937613416896272,194.29530201342283,1.0987522683379254,-0.007873841154645686,0.01975045366758509,-0.0015747682309291372,0.0,-38.59060402684564,0.8,0.0,0.2,0.0,0.0
14395.973154362417,8560.402684563758,91.20805369127517,22.2751677852349,17.197986577181208,4.833480944073806,194.39597315436242,1.0966696188814762,-0.01279633526942537,0.019333923776295222,-0.0025592670538850735,0.0,-38.79194630872483,0.8,0.0,0.2,0.0,0.0
14496.644295302012,8550.335570469799,91.00671140939598,22.395973154362412,17.248322147651006,4.6804040525609505,194.49664429530202,1.093608081051219,-0.017589252129556376,0.0187216162102438,-0.003517850425911275,0.0,-38.993288590604024,0.8,0.0,0.2,0.0,0.0
14597.31543624161,8540.26845637584,90.80536912751678,22.516778523489933,17.298657718120804,4.479932817667136,194.59731543624162,1.0895986563533426,-0.02220405807321941,0.01791973127066854,-0.004440811614643881,0.0,-39.194630872483216,0.8,0.0,0.2,0.0,0.0
14697.986577181207,8530.20134228188,90.60402684563758,22.63758389261745,17.348993288590606,4.234097235614455,194.6979865771812,1.084681944712289,-0.026594023011500212,0.01693638894245782,-0.005318804602300042,0.0,-39.395973154362416,0.8,0.0,0.2,0.0,0.0
14798.657718120805,8520.134228187919,90.40268456375838,22.758389261744963,17.399328859060404,3.9453866675478544,194.7986577181208,1.0789077333509571,-0.030714693622980578,0.015781546670191417,-0.0061429387245961154,0.0,-39.59731543624161,0.8,0.0,0.2,0.0,0.0
14899.328859060402,8510.06711409396,90.20134228187919,22.879194630872483,17.449664429530202,3.616724631959957,194.8993288590604,1.072334492639199,-0.03452434349350342,0.014466898527839826,-0.006904868698700684,0.0,-39.79865771812081,0.8,0.0,0.2,0.0,0.0
15000.0,8500.0,90.0,23.0,17.5,3.251439200785584,195.0,1.0650287840157118,-0.037984395642941066,0.013005756803142338,-0.007596879128588213,0.0,-40.0,0.8,0.0,0.2,0.0,0.0
